data,time_start,time_stop,count_move,caps_num,size_rect,count_rect,screen
20200101,010101,010101,0,0.0,0,0,none
20200529,221811,224816,1391,1762607.0,14124.0,9,20200529-221811-224816.jpg
20200529,224821,231826,1401,1752255.0,4383.0,2,20200529-224821-231826.jpg
20200529,231831,234836,52606,1754250.6666666667,15205.5,3,20200529-231831-234836.jpg
20200529,234841,000001,459,648833.3333333334,1381.5,2,20200529-234841-000001.jpg
20200530,000006,003011,874,1723951.3333333335,1619.0,2,20200530-000006-003011.jpg
20200530,003016,010021,861,1771610.0000000002,1972.0,3,20200530-003016-010021.jpg
20200530,010026,013031,2465,1724159.3333333335,3770.0,6,20200530-010026-013031.jpg
20200530,013036,020041,8570,1726870.0000000002,5761.5,8,20200530-013036-020041.jpg
20200530,021105,024110,10124,1796362.0,8446.5,11,20200530-021105-024110.jpg
20200530,024115,031120,36476,1801019.3333333335,17388.0,32,20200530-024115-031120.jpg
20200530,031125,034130,18742,1795725.6666666667,46962.5,29,20200530-031125-034130.jpg
20200530,034135,041140,20380,1809048.3333333335,139720.0,34,20200530-034135-041140.jpg
20200530,041145,044150,0,1802131.6666666667,0,0,none
20200530,044155,051200,0,1806790.3333333333,0,0,none
20200530,051205,054210,200,1710958.3333333335,181.5,4,20200530-051205-054210.jpg
20200530,060753,063758,22020,1688906.6666666667,3424.5,13,20200530-060753-063758.jpg
20200530,063803,070808,0,1769694.3333333333,0,0,none
20200530,070813,073818,9589,1786303.3333333335,12454.5,27,20200530-070813-073818.jpg
20200530,073823,080828,40538,1723312.0000000002,55005.5,40,20200530-073823-080828.jpg
20200530,080833,083838,24537,1757586.0,30680.0,37,20200530-080833-083838.jpg
20200530,083843,090848,50900,1767923.3333333335,32760.0,30,20200530-083843-090848.jpg
20200530,100921,103926,0,1738942.6666666667,0,0,none
20200530,103931,110936,0,1796847.6666666667,0,0,none
20200530,110941,113946,170,1806514.0000000002,1162.0,6,20200530-110941-113946.jpg
20200530,113951,120956,4358,1784127.6666666667,728.5,13,20200530-113951-120956.jpg
20200530,121001,124006,15515,1670809.6666666667,3724.5,17,20200530-121001-124006.jpg
20200530,124011,131016,50391,1787160.6666666667,3769.5,9,20200530-124011-131016.jpg
20200530,131021,134026,41299,1797627.0000000002,80473.0,42,20200530-131021-134026.jpg
20200530,140721,143726,31309,1806747.6666666667,2001.5,7,20200530-140721-143726.jpg
20200530,143731,150736,227,1797053.6666666667,2678.5,5,20200530-143731-150736.jpg
20200530,150741,153746,27049,1804568.0,3752.5,8,20200530-150741-153746.jpg
20200530,153751,160756,41198,1624478.6666666667,48729.5,35,20200530-153751-160756.jpg
20200530,180937,183942,52251,1748487.3333333335,7395.5,31,20200530-180937-183942.jpg
20200530,183947,190952,49879,1777141.0,22346.5,22,20200530-183947-190952.jpg
20200530,190957,194002,50762,1766810.3333333333,23326.0,19,20200530-190957-194002.jpg
20200530,194007,201012,44090,1693251.6666666667,139720.0,31,20200530-194007-201012.jpg
20200530,221752,224757,51661,1771162.6666666667,6431.5,13,20200530-221752-224757.jpg
20200530,224802,231807,5809,1759479.6666666667,9434.5,9,20200530-224802-231807.jpg
20200530,231812,234817,152,1607549.6666666667,3381.5,1,20200530-231812-234817.jpg
20200530,234822,000002,466,636729.6666666667,5724.0,2,20200530-234822-000002.jpg
20200531,021736,024741,4908,1665301.3333333333,66124.0,21,20200531-021736-024741.jpg
20200531,024746,031751,39388,1566296.0,139720.0,37,20200531-024746-031751.jpg
20200531,031756,034801,377,1717247.6666666667,513.0,6,20200531-031756-034801.jpg
20200531,034806,041811,7889,1735058.0,18512.5,19,20200531-034806-041811.jpg
20200531,060739,063744,0,1673203.0,0,0,none
20200531,063749,070754,456,1650699.6666666667,3735.0,2,20200531-063749-070754.jpg
20200531,070759,073804,0,1748127.6666666667,0,0,none
20200531,073809,080814,15,1789756.6666666667,265.5,1,20200531-073809-080814.jpg
20200531,080819,083824,49,1710568.3333333335,310.5,4,20200531-080819-083824.jpg
20200531,100930,103935,95,1743684.3333333333,1022.0,2,20200531-100930-103935.jpg
20200531,103940,110945,5,1735553.0,109.0,1,20200531-103940-110945.jpg
20200531,110950,113955,1255,1752508.0,273.0,4,20200531-110950-113955.jpg
20200531,114000,121005,70,1734377.3333333333,264.0,3,20200531-114000-121005.jpg
20200531,121010,124015,0,1756127.0000000002,0,0,none
20200531,140812,143817,15680,1781900.3333333335,48642.0,46,20200531-140812-143817.jpg
20200531,143822,150827,23704,1799665.0000000002,11339.0,21,20200531-143822-150827.jpg
20200531,150832,153837,18200,1807847.3333333335,50008.0,50,20200531-150832-153837.jpg
20200531,153842,160847,49510,1801737.3333333335,52434.5,56,20200531-153842-160847.jpg
20200531,160852,163857,53171,1778214.6666666667,66190.0,58,20200531-160852-163857.jpg
20200531,163902,170907,26288,1767367.3333333333,24102.0,23,20200531-163902-170907.jpg
20200531,170912,173917,10032,1757035.6666666667,3734.0,9,20200531-170912-173917.jpg
20200531,180831,183836,47624,1740990.3333333335,35591.0,38,20200531-180831-183836.jpg
20200531,183841,190846,48343,1787060.0000000002,28391.0,38,20200531-183841-190846.jpg
20200531,190851,193856,53144,1790811.3333333333,7636.0,8,20200531-190851-193856.jpg
20200531,193901,200906,20,1740137.0000000002,1565.0,2,20200531-193901-200906.jpg
20200531,200911,203916,15,1770427.3333333333,10610.5,1,20200531-200911-203916.jpg
20200531,203921,210926,23640,1795424.3333333335,139345.5,34,20200531-203921-210926.jpg
20200531,210931,213936,47892,1794635.3333333335,139720.0,18,20200531-210931-213936.jpg
20200531,221919,224924,1585,1793599.0000000002,2403.0,2,20200531-221919-224924.jpg
20200531,224929,231934,2270,1783849.3333333333,4106.0,3,20200531-224929-231934.jpg
20200531,231939,234944,1792,1786977.0,2268.5,2,20200531-231939-234944.jpg
20200531,234949,000004,872,615444.6666666666,6966.5,3,20200531-234949-000004.jpg
20200601,000009,003014,2533,1790583.0,6554.5,2,20200601-000009-003014.jpg
20200601,003019,010024,1897,1790950.0,2197.5,3,20200601-003019-010024.jpg
20200601,010029,013034,2455,1782054.3333333335,3014.5,2,20200601-010029-013034.jpg
20200601,013039,020044,986,1775156.3333333333,3041.5,2,20200601-013039-020044.jpg
20200601,020735,023740,916,1791060.0000000002,1988.5,1,20200601-020735-023740.jpg
20200601,023745,030750,24461,1782981.0,31060.5,20,20200601-023745-030750.jpg
20200601,030755,033800,33539,1787326.0,105250.5,28,20200601-030755-033800.jpg
20200601,033805,040810,51173,1796027.3333333335,139720.0,34,20200601-033805-040810.jpg
20200601,040815,043820,0,1790980.0,0,0,none
20200601,043825,050830,0,1774452.0,0,0,none
20200601,050835,053840,20682,1775758.0,924.5,3,20200601-050835-053840.jpg
20200601,060816,063821,41188,1790942.6666666667,5230.5,40,20200601-060816-063821.jpg
20200601,063826,070831,46932,1778837.0,6003.0,55,20200601-063826-070831.jpg
20200601,070836,073841,47109,1728446.0000000002,15897.0,63,20200601-070836-073841.jpg
20200601,073846,080851,49358,1763181.3333333335,16173.0,66,20200601-073846-080851.jpg
20200601,080856,083901,50690,1757677.3333333333,18116.5,45,20200601-080856-083901.jpg
20200601,083906,090911,53199,1782025.6666666667,10289.0,44,20200601-083906-090911.jpg
20200601,090916,093921,52408,1761914.6666666667,104999.0,58,20200601-090916-093921.jpg
20200601,100939,103944,47635,1787580.3333333333,85932.0,57,20200601-100939-103944.jpg
20200601,103949,110954,48836,1793931.0,56502.0,71,20200601-103949-110954.jpg
20200601,110959,114004,45157,1769808.6666666667,61136.0,75,20200601-110959-114004.jpg
20200601,114009,121014,20858,1780164.0,56075.5,70,20200601-114009-121014.jpg
20200601,121019,124024,36272,1755574.3333333335,72786.5,70,20200601-121019-124024.jpg
20200601,124029,131034,47043,1783131.3333333335,43372.0,39,20200601-124029-131034.jpg
20200601,131039,134044,16582,1786652.3333333335,52182.5,64,20200601-131039-134044.jpg
20200601,140754,143759,44294,1780175.0000000002,51517.5,71,20200601-140754-143759.jpg
20200601,143804,150809,36438,1790824.0,64872.5,67,20200601-143804-150809.jpg
20200601,150814,153819,53792,1795494.6666666667,124507.5,53,20200601-150814-153819.jpg
20200601,153824,160829,35524,1735524.6666666667,48358.0,65,20200601-153824-160829.jpg
20200601,180735,183740,16707,1622825.0,29768.0,27,20200601-180735-183740.jpg
20200601,183745,190750,32171,1700196.3333333333,16171.0,12,20200601-183745-190750.jpg
20200601,190755,193800,44232,1670541.3333333333,48015.5,24,20200601-190755-193800.jpg
20200601,221849,224854,466,1661753.0000000002,14544.5,2,20200601-221849-224854.jpg
20200601,224859,231904,677,1583967.6666666667,5642.5,2,20200601-224859-231904.jpg
20200601,231909,234914,792,1680176.6666666667,2669.5,2,20200601-231909-234914.jpg
20200601,234919,000004,156,574438.0,1074.5,1,20200601-234919-000004.jpg
20200602,000009,003014,364,1682616.0,883.5,1,20200602-000009-003014.jpg
20200602,020829,023834,946,1651204.6666666667,2838.5,1,20200602-020829-023834.jpg
20200602,023839,030844,32484,1606661.0,110422.0,30,20200602-023839-030844.jpg
20200602,030849,033854,41456,1635289.3333333335,135138.0,27,20200602-030849-033854.jpg
20200602,033859,040904,4265,1563151.0,584.5,4,20200602-033859-040904.jpg
20200602,060826,063831,41703,1634213.6666666667,9015.5,25,20200602-060826-063831.jpg
20200602,063836,070841,53045,1792600.3333333333,45373.0,48,20200602-063836-070841.jpg
20200602,070846,073851,50808,1802951.6666666667,17526.0,66,20200602-070846-073851.jpg
20200602,073856,080901,51885,1784754.6666666667,72845.5,56,20200602-073856-080901.jpg
20200602,080906,083911,8209,1796201.6666666667,4731.0,7,20200602-080906-083911.jpg
20200602,083916,090921,48945,1791786.0,31881.5,26,20200602-083916-090921.jpg
20200602,090926,093931,52308,1793838.6666666667,54771.5,56,20200602-090926-093931.jpg
20200602,100929,103934,32174,1793756.3333333335,39148.0,33,20200602-100929-103934.jpg
20200602,103939,110944,2191,1774130.0,9258.0,28,20200602-103939-110944.jpg
20200602,110949,113954,210,1751047.6666666667,3254.5,4,20200602-110949-113954.jpg
20200602,113959,121004,132,1727740.6666666667,274.0,2,20200602-113959-121004.jpg
20200602,121009,124014,0,1722344.3333333335,0,0,none
20200602,124019,131024,187,1739249.3333333335,295.0,4,20200602-124019-131024.jpg
20200602,140743,143748,64,1766257.0,403.0,5,20200602-140743-143748.jpg
20200602,143753,150758,218,1750011.3333333333,242.0,4,20200602-143753-150758.jpg
20200602,150803,153808,1405,1697556.6666666667,1954.0,5,20200602-150803-153808.jpg
20200602,153813,160818,5662,1802410.3333333335,3836.5,6,20200602-153813-160818.jpg
20200602,160823,163828,10,1807980.6666666667,118.5,2,20200602-160823-163828.jpg
20200602,163833,170838,715,1809545.6666666667,1307.0,3,20200602-163833-170838.jpg
20200602,170843,173848,4047,1804633.3333333335,1369.5,10,20200602-170843-173848.jpg
20200602,221858,224903,15008,1795660.0,7646.0,9,20200602-221858-224903.jpg
20200602,224908,231913,19358,1798320.6666666667,16125.0,31,20200602-224908-231913.jpg
20200602,231918,234923,1157,1795857.6666666667,105366.5,30,20200602-231918-234923.jpg
20200602,234928,000003,50,632451.0,1057.5,1,20200602-234928-000003.jpg
20200603,000008,003013,65,1794858.3333333333,3445.5,1,20200603-000008-003013.jpg
20200603,003018,010023,103,1797627.6666666667,1795.5,1,20200603-003018-010023.jpg
20200603,020725,023730,832,1777846.3333333335,2082.0,5,20200603-020725-023730.jpg
20200603,023735,030740,24940,1780704.6666666667,43676.5,25,20200603-023735-030740.jpg
20200603,030745,033750,33261,1791693.0,83654.5,22,20200603-030745-033750.jpg
20200603,033755,040800,22682,1790938.6666666667,139720.0,32,20200603-033755-040800.jpg
20200603,040805,043810,0,1784064.6666666667,0,0,none
20200603,043815,050820,1020,1789165.6666666667,426.0,3,20200603-043815-050820.jpg
20200603,050825,053830,20552,1800096.3333333335,10550.0,13,20200603-050825-053830.jpg
20200603,060805,063810,0,1796633.6666666667,0,0,none
20200603,063815,070820,0,1805084.0,0,0,none
20200603,070825,073830,7373,1804836.3333333335,17309.5,47,20200603-070825-073830.jpg
20200603,073835,080840,3550,1789034.3333333335,33437.0,24,20200603-073835-080840.jpg
20200603,080845,083850,35551,1801585.6666666667,55756.5,46,20200603-080845-083850.jpg
20200603,083855,090900,51689,1804001.6666666667,66770.5,52,20200603-083855-090900.jpg
20200603,090905,093910,53596,1802024.3333333335,50979.5,56,20200603-090905-093910.jpg
20200603,101019,104024,24417,1779460.0,74602.0,65,20200603-101019-104024.jpg
20200603,104029,111034,13806,1803597.6666666667,81895.0,52,20200603-104029-111034.jpg
20200603,111039,114044,53487,1802596.0,72720.5,62,20200603-111039-114044.jpg
20200603,114049,121054,41268,1801484.3333333333,24615.5,39,20200603-114049-121054.jpg
20200603,121059,124104,36128,1803533.6666666667,27524.5,46,20200603-121059-124104.jpg
20200603,124109,131114,34979,1806146.3333333333,44990.0,66,20200603-124109-131114.jpg
20200603,131119,134124,39743,1801994.6666666667,10691.5,25,20200603-131119-134124.jpg
20200603,140731,143736,0,1808792.3333333333,0,0,none
20200603,143741,150746,31893,1792828.6666666667,15138.0,26,20200603-143741-150746.jpg
20200603,150751,153756,41373,1793614.3333333335,20632.5,26,20200603-150751-153756.jpg
20200603,153801,160806,51567,1789669.0,43030.5,44,20200603-153801-160806.jpg
20200603,160811,163816,40703,1807380.6666666667,51484.5,56,20200603-160811-163816.jpg
20200603,163821,170826,44317,1795538.0,52348.5,67,20200603-163821-170826.jpg
20200603,170831,173836,49748,1787976.6666666667,136725.0,68,20200603-170831-173836.jpg
20200603,180856,183901,48287,1770716.3333333335,30710.0,38,20200603-180856-183901.jpg
20200603,183906,190911,52128,1794012.0000000002,7204.0,26,20200603-183906-190911.jpg
20200603,190916,193921,6404,1777530.0,10349.0,6,20200603-190916-193921.jpg
20200603,193926,200931,33278,1768704.6666666667,24080.0,30,20200603-193926-200931.jpg
20200603,200936,203941,44480,1787025.0,106973.5,45,20200603-200936-203941.jpg
20200603,203946,210951,22609,1780181.0,139720.0,28,20200603-203946-210951.jpg
20200603,210956,214001,39878,1719107.6666666667,99597.5,27,20200603-210956-214001.jpg
20200603,221850,224855,800,1786073.0,3973.0,5,20200603-221850-224855.jpg
20200603,224900,231905,3309,1797474.0000000002,5212.0,5,20200603-224900-231905.jpg
20200603,231910,234915,667,1804778.3333333335,3935.0,3,20200603-231910-234915.jpg
20200603,234920,000000,345,642363.6666666667,4734.0,5,20200603-234920-000000.jpg
20200604,000005,003010,870,1799211.3333333335,7295.5,10,20200604-000005-003010.jpg
20200604,003015,010020,1426,1801073.6666666667,50684.0,22,20200604-003015-010020.jpg
20200604,010025,013030,224,1798109.3333333333,6331.5,4,20200604-010025-013030.jpg
20200604,013035,020040,5101,1793212.6666666667,139720.0,22,20200604-013035-020040.jpg
20200604,020813,023818,323,1797347.0,3870.0,4,20200604-020813-023818.jpg
20200604,023823,030828,391,1798740.6666666667,3268.0,6,20200604-023823-030828.jpg
20200604,030833,033838,35475,1799439.6666666667,85792.5,23,20200604-030833-033838.jpg
20200604,033843,040848,34832,1808240.3333333335,139720.0,41,20200604-033843-040848.jpg
20200604,040853,043858,5310,1803678.3333333335,1545.5,4,20200604-040853-043858.jpg
20200604,043903,050908,14543,1801483.3333333333,9769.0,20,20200604-043903-050908.jpg
20200604,050913,053918,365,1791435.6666666667,1759.0,5,20200604-050913-053918.jpg
20200604,060820,063825,48534,1809915.3333333333,30934.0,22,20200604-060820-063825.jpg
20200604,063830,070835,0,1804442.6666666667,0,0,none
20200604,070840,073845,4930,1806105.6666666667,1583.5,5,20200604-070840-073845.jpg
20200604,073850,080855,0,1799657.3333333333,0,0,none
20200604,080900,083905,0,1803187.6666666667,0,0,none
20200604,083910,090915,12534,1797702.3333333335,19095.5,24,20200604-083910-090915.jpg
20200604,090920,093925,27087,1809252.0000000002,27248.0,24,20200604-090920-093925.jpg
20200604,100907,103912,15739,1807821.3333333333,21182.5,34,20200604-100907-103912.jpg
20200604,103917,110922,7269,1805483.6666666667,30617.5,38,20200604-103917-110922.jpg
20200604,110927,113932,14699,1774823.0,41918.5,48,20200604-110927-113932.jpg
20200604,113937,120942,12843,1806223.6666666667,56689.0,37,20200604-113937-120942.jpg
20200604,120947,123952,990,1796925.3333333333,47206.5,25,20200604-120947-123952.jpg
20200604,123957,131002,23661,1775290.3333333333,78163.5,58,20200604-123957-131002.jpg
20200604,131007,134012,33558,1782535.3333333335,48131.0,43,20200604-131007-134012.jpg
20200604,140810,143815,41119,1790982.6666666667,43085.0,57,20200604-140810-143815.jpg
20200604,143820,150825,37907,1801209.3333333335,46442.5,54,20200604-143820-150825.jpg
20200604,150830,153835,45198,1803026.6666666667,55431.0,62,20200604-150830-153835.jpg
20200604,153840,160845,53109,1776008.3333333335,120903.0,54,20200604-153840-160845.jpg
20200604,160850,163855,24528,1804551.0000000002,55595.5,60,20200604-160850-163855.jpg
20200604,163900,170905,20,1800116.3333333335,308.0,1,20200604-163900-170905.jpg
20200604,170910,173915,45061,1803349.3333333333,57713.0,60,20200604-170910-173915.jpg
20200604,180814,183819,48834,1793613.6666666667,42391.5,24,20200604-180814-183819.jpg
20200604,183824,190829,878,1791823.0,2229.0,3,20200604-183824-190829.jpg
20200604,190834,193839,51641,1785468.3333333335,1425.0,4,20200604-190834-193839.jpg
20200604,193844,200849,5,1783015.0,4881.0,1,20200604-193844-200849.jpg
20200604,200854,203859,0,1790553.6666666667,0,0,none
20200604,203904,210909,20302,1787878.3333333333,47253.0,42,20200604-203904-210909.jpg
20200604,210914,213919,37384,1775602.6666666667,139720.0,24,20200604-210914-213919.jpg
20200604,221918,224923,198,1776465.6666666667,5562.5,1,20200604-221918-224923.jpg
20200604,224928,231933,119,1787513.3333333333,497.0,1,20200604-224928-231933.jpg
20200604,231938,234943,152,1787675.6666666667,2074.0,1,20200604-231938-234943.jpg
20200604,234948,000003,57,614911.0,1720.5,2,20200604-234948-000003.jpg
20200605,000008,003013,25,1793652.6666666667,2165.0,1,20200605-000008-003013.jpg
20200605,003018,010023,2067,1736710.3333333335,70253.0,19,20200605-003018-010023.jpg
20200605,010028,013033,238,1718974.3333333333,653.5,1,20200605-010028-013033.jpg
20200605,013038,020043,1291,1801734.0000000002,816.5,1,20200605-013038-020043.jpg
20200605,020814,023819,182,1789717.6666666667,1540.5,3,20200605-020814-023819.jpg
20200605,023824,030829,20547,1788751.3333333335,19225.5,12,20200605-023824-030829.jpg
20200605,030834,033839,40303,1784325.0,139720.0,27,20200605-030834-033839.jpg
20200605,033844,040849,36621,1792569.6666666667,116561.0,33,20200605-033844-040849.jpg
20200605,040854,043859,1594,1792442.6666666667,1714.0,5,20200605-040854-043859.jpg
20200605,043904,050909,0,1784952.6666666667,0,0,none
20200605,050914,053919,18560,1797998.0,915.5,2,20200605-050914-053919.jpg
20200605,060918,063923,32974,1806974.0000000002,2981.5,17,20200605-060918-063923.jpg
20200605,063928,070933,46638,1786567.6666666667,4007.0,39,20200605-063928-070933.jpg
20200605,070938,073943,51429,1796899.3333333335,8031.0,44,20200605-070938-073943.jpg
20200605,073948,080953,50230,1802758.3333333335,16281.5,51,20200605-073948-080953.jpg
20200605,080958,084003,47405,1801387.6666666667,36444.5,41,20200605-080958-084003.jpg
20200605,084008,091013,51383,1801268.0,8009.0,63,20200605-084008-091013.jpg
20200605,091018,094023,51414,1796735.6666666667,63174.0,67,20200605-091018-094023.jpg
20200605,100940,103945,20049,1799679.3333333335,39991.0,64,20200605-100940-103945.jpg
20200605,103950,110955,53756,1794096.3333333335,49418.0,83,20200605-103950-110955.jpg
20200605,111000,114005,52087,1798818.0,56034.0,77,20200605-111000-114005.jpg
20200605,114010,121015,15128,1796945.6666666667,32465.0,32,20200605-114010-121015.jpg
20200605,121020,124025,10124,1794502.3333333333,746.0,31,20200605-121020-124025.jpg
20200605,124030,131035,10160,1796914.3333333335,13629.5,26,20200605-124030-131035.jpg
20200605,131040,134045,19593,1797307.3333333335,46319.5,33,20200605-131040-134045.jpg
20200605,141040,144045,38384,1791468.0,52017.5,63,20200605-141040-144045.jpg
20200605,144050,151055,52337,1799402.0,57495.0,86,20200605-144050-151055.jpg
20200605,151100,154105,18976,1806984.6666666667,71144.5,56,20200605-151100-154105.jpg
20200605,154110,161115,40374,1794215.3333333333,59790.5,68,20200605-154110-161115.jpg
20200605,161120,164125,52663,1801167.3333333333,50936.0,62,20200605-161120-164125.jpg
20200605,164130,171135,46647,1801846.0,50668.0,79,20200605-164130-171135.jpg
20200605,171140,174145,50060,1806857.3333333335,33977.0,37,20200605-171140-174145.jpg
20200605,180908,183913,24523,1804349.0000000002,17785.0,23,20200605-180908-183913.jpg
20200605,183918,190923,40049,1809733.3333333333,7137.0,36,20200605-183918-190923.jpg
20200605,190928,193933,4783,1805096.3333333335,1367.0,7,20200605-190928-193933.jpg
20200605,193938,200943,46785,1797613.6666666667,1423.5,37,20200605-193938-200943.jpg
20200605,200948,203953,9907,1802243.0000000002,11642.0,19,20200605-200948-203953.jpg
20200605,203958,211003,31808,1804035.6666666667,139720.0,57,20200605-203958-211003.jpg
20200605,211008,214013,39385,1808295.0,91976.5,24,20200605-211008-214013.jpg
20200605,221842,224847,5449,1803085.3333333335,21045.0,15,20200605-221842-224847.jpg
20200605,224852,231857,1146,1805362.0,14590.5,5,20200605-224852-231857.jpg
20200605,231902,234907,15856,1807876.6666666667,7659.5,11,20200605-231902-234907.jpg
20200605,234912,000002,17293,650006.0000000001,50968.0,47,20200605-234912-000002.jpg
20200606,000007,003012,53777,1802422.3333333335,54325.5,47,20200606-000007-003012.jpg
20200606,003017,010022,51447,1758600.3333333333,9270.0,23,20200606-003017-010022.jpg
20200606,010027,013032,1813,1770415.6666666667,7731.5,6,20200606-010027-013032.jpg
20200606,013037,020042,27364,1760405.0,108666.5,38,20200606-013037-020042.jpg
20200606,020950,023955,53099,1771663.0,32949.0,42,20200606-020950-023955.jpg
20200606,024000,031005,7612,1723072.0,25868.0,19,20200606-024000-031005.jpg
20200606,031010,034015,40016,1776008.3333333335,112828.0,26,20200606-031010-034015.jpg
20200606,034020,041025,48083,1784559.6666666667,139720.0,43,20200606-034020-041025.jpg
20200606,041030,044035,713,1800197.3333333335,21474.0,12,20200606-041030-044035.jpg
20200606,044040,051045,3747,1784785.3333333335,5358.0,11,20200606-044040-051045.jpg
20200606,051050,054055,6704,1785057.6666666667,872.0,4,20200606-051050-054055.jpg
20200606,060813,063818,41863,1801524.0,5985.5,20,20200606-060813-063818.jpg
20200606,063823,070828,46224,1790581.6666666667,24390.0,42,20200606-063823-070828.jpg
20200606,070833,073838,46522,1784059.3333333333,25303.5,60,20200606-070833-073838.jpg
20200606,073843,080848,52104,1791014.0000000002,23207.0,86,20200606-073843-080848.jpg
20200606,080853,083858,50687,1759967.3333333335,32185.0,69,20200606-080853-083858.jpg
20200606,083903,090908,50066,1707565.3333333335,44143.5,73,20200606-083903-090908.jpg
20200606,090913,093918,53417,1784249.0,98735.5,78,20200606-090913-093918.jpg
20200606,100959,104004,52990,1809964.3333333333,88058.0,59,20200606-100959-104004.jpg
20200606,104009,111014,52136,1809611.0,86486.0,78,20200606-104009-111014.jpg
20200606,111019,114024,54085,1804133.3333333335,72483.0,72,20200606-111019-114024.jpg
20200606,114029,121034,50584,1809196.6666666667,81769.5,88,20200606-114029-121034.jpg
20200606,121039,124044,54278,1809878.3333333333,83107.0,91,20200606-121039-124044.jpg
20200606,124049,131054,54017,1806538.0,73798.5,77,20200606-124049-131054.jpg
20200606,131059,134104,37303,1809903.3333333335,60005.0,91,20200606-131059-134104.jpg
20200606,140736,143741,45092,1806144.0,58194.5,79,20200606-140736-143741.jpg
20200606,143746,150751,49963,1808860.6666666667,57459.0,68,20200606-143746-150751.jpg
20200606,150756,153801,46956,1804393.3333333335,1277.0,39,20200606-150756-153801.jpg
20200606,153806,160811,52997,1806338.6666666667,3081.0,46,20200606-153806-160811.jpg
20200606,160816,163821,40367,1810021.3333333333,1635.0,43,20200606-160816-163821.jpg
20200606,163826,170831,48264,1807669.6666666667,8085.0,24,20200606-163826-170831.jpg
20200606,170836,173841,47181,1805233.3333333333,16348.5,23,20200606-170836-173841.jpg
20200606,180905,183910,49598,1809227.0,29214.5,46,20200606-180905-183910.jpg
20200606,183915,190920,52653,1809886.3333333333,44912.5,38,20200606-183915-190920.jpg
20200606,190925,193930,45384,1806845.0,2387.0,6,20200606-190925-193930.jpg
20200606,193935,200940,35,1807444.3333333333,286.5,1,20200606-193935-200940.jpg
20200606,200945,203950,10,1809107.3333333335,161.5,1,20200606-200945-203950.jpg
20200606,203955,211000,6725,1809686.3333333333,35842.5,24,20200606-203955-211000.jpg
20200606,211005,214010,31701,1806730.6666666667,139720.0,33,20200606-211005-214010.jpg
20200606,222041,225046,2907,1803077.0,6416.5,2,20200606-222041-225046.jpg
20200606,225051,232056,2896,1803858.6666666667,9544.5,3,20200606-225051-232056.jpg
20200606,232101,235106,2716,1803623.6666666667,32372.5,4,20200606-232101-235106.jpg
20200606,235111,000001,415,534878.3333333334,4265.0,1,20200606-235111-000001.jpg
20200607,000006,003011,960,1809149.0,1752.0,2,20200607-000006-003011.jpg
20200607,003016,010021,1283,1808446.6666666667,2594.0,2,20200607-003016-010021.jpg
20200607,010026,013031,644,1804412.0,4862.5,2,20200607-010026-013031.jpg
20200607,013036,020041,5481,1805422.6666666667,1898.5,3,20200607-013036-020041.jpg
20200607,020856,023901,1696,1808375.6666666667,3069.5,2,20200607-020856-023901.jpg
20200607,023906,030911,26905,1805063.6666666667,30372.0,24,20200607-023906-030911.jpg
20200607,030916,033921,33259,1794357.3333333335,139720.0,31,20200607-030916-033921.jpg
20200607,033926,040931,44238,1803776.6666666667,56555.0,22,20200607-033926-040931.jpg
20200607,040936,043941,0,1806003.3333333333,0,0,none
20200607,043946,050951,0,1804480.3333333335,0,0,none
20200607,050956,054001,14099,1805367.3333333333,706.5,2,20200607-050956-054001.jpg
20200607,060821,063826,4033,1795688.0,217.0,6,20200607-060821-063826.jpg
20200607,063831,070836,10191,1787663.3333333335,9401.0,17,20200607-063831-070836.jpg
20200607,070841,073846,145,1795803.0,322.0,10,20200607-070841-073846.jpg
20200607,073851,080856,2262,1809502.0000000002,406.0,8,20200607-073851-080856.jpg
20200607,080901,083906,3388,1804374.6666666667,926.5,17,20200607-080901-083906.jpg
20200607,083911,090916,12694,1798849.3333333333,25269.0,53,20200607-083911-090916.jpg
20200607,100946,103951,52550,1804394.0,8627.0,63,20200607-100946-103951.jpg
20200607,103956,111001,49682,1809832.3333333335,10321.0,39,20200607-103956-111001.jpg
20200607,111006,114011,43385,1809432.0,29993.0,63,20200607-111006-114011.jpg
20200607,114016,121021,27332,1809429.3333333335,51685.0,48,20200607-114016-121021.jpg
20200607,121026,124031,30753,1808670.6666666667,46323.0,55,20200607-121026-124031.jpg
20200607,124036,131041,12797,1807887.6666666667,51200.5,34,20200607-124036-131041.jpg
20200607,131046,134051,40994,1809969.3333333335,56077.5,74,20200607-131046-134051.jpg
20200607,140821,143826,38347,1805473.6666666667,56565.0,75,20200607-140821-143826.jpg
20200607,143831,150836,37076,1809127.3333333333,53516.5,50,20200607-143831-150836.jpg
20200607,150841,153846,45255,1798261.3333333333,54911.5,61,20200607-150841-153846.jpg
20200607,153851,160856,53904,1807384.6666666667,93715.0,79,20200607-153851-160856.jpg
20200607,160901,163906,48934,1809749.0,53847.5,58,20200607-160901-163906.jpg
20200607,163911,170916,41653,1809905.3333333335,50545.5,71,20200607-163911-170916.jpg
20200607,170921,173926,45406,1809994.3333333333,45936.0,47,20200607-170921-173926.jpg
20200607,180905,183910,22084,1810072.3333333335,12385.0,8,20200607-180905-183910.jpg
20200607,183915,190920,45528,1807402.3333333335,4845.5,10,20200607-183915-190920.jpg
20200607,190925,193930,610,1809948.3333333335,1406.5,10,20200607-190925-193930.jpg
20200607,193935,200940,1045,1797766.6666666667,1738.5,8,20200607-193935-200940.jpg
20200607,200945,203950,45,1808937.3333333335,126.0,2,20200607-200945-203950.jpg
20200607,203955,211000,24496,1807662.0,139720.0,71,20200607-203955-211000.jpg
20200607,211005,214010,31275,1810051.0000000002,93363.0,24,20200607-211005-214010.jpg
20200607,221934,224939,6268,1805277.3333333335,17321.0,4,20200607-221934-224939.jpg
20200607,224944,231949,6535,1804247.6666666667,3954.5,5,20200607-224944-231949.jpg
20200607,231954,234959,17199,1805692.6666666667,5215.0,5,20200607-231954-234959.jpg
20200607,235004,000004,1190,604808.3333333334,3239.5,2,20200607-235004-000004.jpg
20200608,000009,003014,3076,1807792.3333333333,13004.5,8,20200608-000009-003014.jpg
20200608,003019,010024,3935,1807391.0,5013.5,5,20200608-003019-010024.jpg
20200608,010029,013034,3683,1804623.0,24751.5,3,20200608-010029-013034.jpg
20200608,013039,020044,2458,1809763.0000000002,4886.0,2,20200608-013039-020044.jpg
20200608,020754,023759,2805,1805300.3333333333,2565.5,4,20200608-020754-023759.jpg
20200608,023804,030809,22091,1807737.6666666667,17725.5,10,20200608-023804-030809.jpg
20200608,030814,033819,36564,1809180.0,92957.0,24,20200608-030814-033819.jpg
20200608,033824,040829,50979,1808754.3333333333,139720.0,36,20200608-033824-040829.jpg
20200608,040834,043839,10,1807434.3333333333,122.5,1,20200608-040834-043839.jpg
20200608,043844,050849,5,1807214.3333333333,209.5,1,20200608-043844-050849.jpg
20200608,050854,053859,15960,1807993.6666666667,644.5,1,20200608-050854-053859.jpg
20200608,060812,063817,25157,1809520.3333333335,1363.5,11,20200608-060812-063817.jpg
20200608,063822,070827,44723,1808047.3333333335,6405.0,35,20200608-063822-070827.jpg
20200608,070832,073837,45931,1804818.0,15102.5,36,20200608-070832-073837.jpg
20200608,073842,080847,2063,1807625.3333333335,2071.5,8,20200608-073842-080847.jpg
20200608,080852,083857,44383,1809912.3333333335,60641.5,46,20200608-080852-083857.jpg
20200608,083902,090907,50588,1803488.6666666667,8580.0,52,20200608-083902-090907.jpg
20200608,090912,093917,53560,1809297.0,11607.0,52,20200608-090912-093917.jpg
20200608,101008,104013,52822,1809849.3333333333,9867.5,46,20200608-101008-104013.jpg
20200608,104018,111023,51184,1803080.3333333333,2945.5,38,20200608-104018-111023.jpg
20200608,111028,114033,30232,1804477.0,3616.5,47,20200608-111028-114033.jpg
20200608,114038,121043,26454,1792048.3333333335,36073.5,39,20200608-114038-121043.jpg
20200608,121048,124053,18114,1787757.0,47038.0,51,20200608-121048-124053.jpg
20200608,124058,131103,38899,1786715.0000000002,15575.0,52,20200608-124058-131103.jpg
20200608,131108,134113,43639,1762832.3333333335,53232.0,48,20200608-131108-134113.jpg
20200608,140843,143848,53459,1790071.6666666667,52302.5,79,20200608-140843-143848.jpg
20200608,143853,150858,44464,1793307.6666666667,57628.0,64,20200608-143853-150858.jpg
20200608,150903,153908,42834,1804189.0,54191.5,78,20200608-150903-153908.jpg
20200608,153913,160918,39210,1795167.0000000002,52726.0,48,20200608-153913-160918.jpg
20200608,160923,163928,10411,1804402.3333333335,8299.5,19,20200608-160923-163928.jpg
20200608,163933,170938,40745,1788340.3333333333,28335.5,34,20200608-163933-170938.jpg
20200608,170943,173948,20,1793211.3333333335,2556.5,3,20200608-170943-173948.jpg
20200608,180906,183911,441,1788658.6666666667,472.0,3,20200608-180906-183911.jpg
20200608,183916,190921,0,1795410.0,0,0,none
20200608,190926,193931,155,1800239.0,214.5,7,20200608-190926-193931.jpg
20200608,193936,200941,10,1790642.6666666667,221.5,1,20200608-193936-200941.jpg
20200608,200946,203951,40325,1798014.6666666667,139720.0,42,20200608-200946-203951.jpg
20200608,203956,211001,48042,1803202.3333333335,139720.0,39,20200608-203956-211001.jpg
20200608,211006,214011,37564,1805252.0000000002,139719.0,36,20200608-211006-214011.jpg
20200609,020924,023929,3503,1631693.3333333335,14731.5,11,20200609-020924-023929.jpg
20200609,023934,030939,43670,1701455.0000000002,103959.5,27,20200609-023934-030939.jpg
20200609,030944,033949,45040,1612131.6666666667,139720.0,26,20200609-030944-033949.jpg
20200609,033954,040959,18743,1649958.3333333335,11790.5,7,20200609-033954-040959.jpg
20200609,041004,044009,15077,1680755.3333333335,34074.5,8,20200609-041004-044009.jpg
20200609,060834,063839,1783,1716895.0,8354.0,29,20200609-060834-063839.jpg
20200609,063844,070849,36913,1681121.6666666667,69316.5,26,20200609-063844-070849.jpg
20200609,070854,073859,34197,1719489.3333333335,58604.0,34,20200609-070854-073859.jpg
20200609,073904,080909,512,1589104.0,3298.5,4,20200609-073904-080909.jpg
20200609,080914,083919,7646,671416.3333333334,29740.5,39,20200609-080914-083919.jpg
20200609,100912,103917,28232,1586832.6666666667,39743.5,21,20200609-100912-103917.jpg
20200609,103922,110927,44669,1638947.3333333335,34709.0,44,20200609-103922-110927.jpg
20200609,110932,113937,2648,1614098.6666666667,52421.0,26,20200609-110932-113937.jpg
20200609,113942,120947,484,1625348.0000000002,3702.0,9,20200609-113942-120947.jpg
20200609,140814,143819,571,1703928.0,1253.5,5,20200609-140814-143819.jpg
20200609,143824,150829,10886,1688329.6666666667,28349.0,38,20200609-143824-150829.jpg
20200609,150834,153839,39988,1773142.3333333335,39091.5,56,20200609-150834-153839.jpg
20200609,153844,160849,39898,1677022.6666666667,35304.0,46,20200609-153844-160849.jpg
20200609,180850,183855,51971,1754796.6666666667,33767.5,48,20200609-180850-183855.jpg
20200609,183900,190905,24054,1649093.3333333335,4524.0,11,20200609-183900-190905.jpg
20200609,190910,193915,0,1791823.6666666667,0,0,none
20200609,193920,200925,32598,1738641.6666666667,132351.0,27,20200609-193920-200925.jpg
20200609,200930,203935,35566,1732572.6666666667,112988.0,24,20200609-200930-203935.jpg
20200609,222912,225917,1887,1745444.0000000002,19621.0,15,20200609-222912-225917.jpg
20200609,225922,232927,1334,1800026.3333333335,139248.0,17,20200609-225922-232927.jpg
20200609,232932,235937,2609,1798385.6666666667,9415.0,6,20200609-232932-235937.jpg
20200609,235942,000002,20,25019.333333333336,1042.0,1,20200609-235942-000002.jpg
20200610,000007,003012,1897,1804595.0,2627.5,3,20200610-000007-003012.jpg
20200610,003017,010022,4565,1801622.0,89806.5,15,20200610-003017-010022.jpg
20200610,010027,013032,7648,1803947.0,86123.5,16,20200610-010027-013032.jpg
20200610,020832,023837,656,1795105.0,3667.5,2,20200610-020832-023837.jpg
20200610,023842,030847,20187,1792133.6666666667,96963.0,21,20200610-023842-030847.jpg
20200610,030852,033857,31916,1779461.3333333335,95537.0,29,20200610-030852-033857.jpg
20200610,033902,040907,43105,1805671.0,139720.0,46,20200610-033902-040907.jpg
20200610,040912,043917,50242,1806505.0,11703.0,10,20200610-040912-043917.jpg
20200610,043922,050927,1020,1797552.0000000002,415.0,4,20200610-043922-050927.jpg
20200610,050932,053937,0,1801197.3333333335,0,0,none
20200610,060757,063802,0,1809018.6666666667,0,0,none
20200610,063807,070812,10301,1809954.3333333333,2313.0,14,20200610-063807-070812.jpg
20200610,070817,073822,5846,1797985.3333333335,6225.0,14,20200610-070817-073822.jpg
20200610,073827,080832,4388,1803811.6666666667,1471.0,8,20200610-073827-080832.jpg
20200610,080837,083842,12563,1797108.0000000002,4817.5,13,20200610-080837-083842.jpg
20200610,083847,090852,5,1774779.6666666667,712.5,2,20200610-083847-090852.jpg
20200610,090857,093902,14921,1803957.0,20334.5,29,20200610-090857-093902.jpg
20200610,100541,103546,50649,1806092.3333333335,30371.5,35,20200610-100541-103546.jpg
20200610,103551,110556,50515,1797186.0000000002,4935.0,25,20200610-103551-110556.jpg
20200610,110601,113606,46993,1795049.0,924.5,15,20200610-110601-113606.jpg
20200610,113611,120616,21707,1768993.3333333333,10847.5,14,20200610-113611-120616.jpg
20200610,120621,123626,33478,1787845.0,55974.5,81,20200610-120621-123626.jpg
20200610,123631,130636,36211,1726550.3333333333,58964.0,66,20200610-123631-130636.jpg
20200610,130641,133646,23572,1778946.0000000002,53824.0,49,20200610-130641-133646.jpg
20200610,141017,144022,48176,1774595.6666666667,52455.5,51,20200610-141017-144022.jpg
20200610,144027,151032,42586,1749476.0,50724.5,32,20200610-144027-151032.jpg
20200610,151037,154042,29886,1756021.3333333333,6262.5,8,20200610-151037-154042.jpg
20200610,154047,161052,44498,1771008.0,136785.5,56,20200610-154047-161052.jpg
20200610,161057,164102,38318,1765427.0000000002,66643.5,39,20200610-161057-164102.jpg
20200610,164107,171112,30451,1795261.0000000002,19337.0,12,20200610-164107-171112.jpg
20200610,180822,183827,39130,1803132.3333333335,38142.5,14,20200610-180822-183827.jpg
20200610,183832,190837,45641,1786319.3333333333,56405.0,25,20200610-183832-190837.jpg
20200610,190842,193847,32009,1790621.3333333335,13542.0,6,20200610-190842-193847.jpg
20200610,193852,200857,46733,1809203.6666666667,25344.5,8,20200610-193852-200857.jpg
20200610,200902,203907,49214,1807924.0,32263.5,9,20200610-200902-203907.jpg
20200610,203912,210917,11432,1800718.6666666667,42889.5,19,20200610-203912-210917.jpg
20200610,210922,213927,49407,1808008.3333333335,139720.0,22,20200610-210922-213927.jpg
20200610,221925,224930,4883,1804244.3333333333,78109.5,13,20200610-221925-224930.jpg
20200610,224935,231940,27353,1800169.0,87504.5,17,20200610-224935-231940.jpg
20200610,231945,234950,29378,1778848.0000000002,117121.0,22,20200610-231945-234950.jpg
20200610,234955,000000,8257,606012.3333333334,104557.5,13,20200610-234955-000000.jpg
20200611,000005,003010,47882,1800874.0,101667.5,17,20200611-000005-003010.jpg
20200611,003015,010020,7526,1804293.0000000002,100465.0,12,20200611-003015-010020.jpg
20200611,010025,013030,18269,1806995.0000000002,94640.5,17,20200611-010025-013030.jpg
20200611,013035,020040,52654,1808648.3333333333,84080.0,12,20200611-013035-020040.jpg
20200611,020750,023755,4905,1808930.0,26318.0,15,20200611-020750-023755.jpg
20200611,023800,030805,16450,1798233.3333333333,61614.5,14,20200611-023800-030805.jpg
20200611,030810,033815,33764,1794897.0000000002,105252.0,17,20200611-030810-033815.jpg
20200611,033820,040825,41335,1809299.6666666667,139720.0,21,20200611-033820-040825.jpg
20200611,040830,043835,9397,1805593.6666666667,3337.0,3,20200611-040830-043835.jpg
20200611,043840,050845,34580,1808759.3333333335,26451.0,19,20200611-043840-050845.jpg
20200611,050850,053855,49558,1809886.3333333333,61990.5,24,20200611-050850-053855.jpg
20200611,060818,063823,48378,1807143.6666666667,69113.0,34,20200611-060818-063823.jpg
20200611,063828,070833,46815,1809616.0,35536.0,44,20200611-063828-070833.jpg
20200611,070838,073843,49258,1805717.6666666667,7086.5,35,20200611-070838-073843.jpg
20200611,073848,080853,50227,1807198.3333333335,23291.5,52,20200611-073848-080853.jpg
20200611,080858,083903,51284,1805876.0,31446.5,41,20200611-080858-083903.jpg
20200611,083908,090913,50795,1801237.6666666667,8222.0,34,20200611-083908-090913.jpg
20200611,090918,093923,50699,1800018.6666666667,44633.0,46,20200611-090918-093923.jpg
20200611,100123,103128,51934,1798167.6666666667,54970.5,48,20200611-100123-103128.jpg
20200611,103133,110138,51904,1805444.3333333333,15039.0,20,20200611-103133-110138.jpg
20200611,110143,113148,52881,1803513.3333333333,617.0,22,20200611-110143-113148.jpg
20200611,113153,120158,17248,1808904.3333333335,308.5,12,20200611-113153-120158.jpg
20200611,120203,123208,33734,1808734.3333333333,54301.5,56,20200611-120203-123208.jpg
20200611,123213,130218,10020,1754100.0000000002,55065.5,39,20200611-123213-130218.jpg
20200611,130223,133228,50250,1770621.3333333335,3756.0,20,20200611-130223-133228.jpg
20200611,133233,140238,36615,1796003.3333333333,32481.0,22,20200611-133233-140238.jpg
20200611,140747,143752,32813,1743871.0,2353.0,12,20200611-140747-143752.jpg
20200611,143757,150802,41416,1722194.0000000002,4182.5,9,20200611-143757-150802.jpg
20200611,150807,153812,28060,1708466.6666666667,6294.0,8,20200611-150807-153812.jpg
20200611,153817,160822,21872,1635812.3333333333,5165.0,8,20200611-153817-160822.jpg
20200611,160827,163832,28110,1631017.6666666667,9077.5,30,20200611-160827-163832.jpg
20200611,180842,183847,44776,1700683.6666666667,13603.5,35,20200611-180842-183847.jpg
20200611,183852,190857,49571,1680731.3333333335,28269.5,60,20200611-183852-190857.jpg
20200611,190902,193907,147,1758356.6666666667,182.0,3,20200611-190902-193907.jpg
20200611,193912,200917,5,1809922.3333333335,152.0,1,20200611-193912-200917.jpg
20200611,200922,203927,25980,1777017.0,139720.0,29,20200611-200922-203927.jpg
20200611,203932,210937,54052,1803221.3333333335,88367.0,33,20200611-203932-210937.jpg
20200611,210942,213947,53822,1796369.6666666667,6007.0,13,20200611-210942-213947.jpg
